hostname,comune,regione,codice_ipa,http_status_classificazione,http_errore_classificazione,tipo_ente_rilevato,punteggio_top,categorie_rilevate_punteggi,pagina_probabilmente_bloccata,probabile_non_pubblico,segnali_non_pubblico_rilevati,tempo_download_pagina_ms,peso_pagina_kb,pagina_troncata
www.france-services.gouv.fr,Nézignan-l’évêque,34,0002884d-c249-408c-b460-9b26fdb86264,200,,comune,2,comune:2,False,True,forma_societaria:as,214.8,75.9,False
www.france-services.gouv.fr,Villefontaine,38,000c92d1-df17-4cb0-8617-95170d615d35,200,,comune,2,comune:2,False,True,forma_societaria:as,214.8,75.9,False
www.vivy-commune.fr,Vivy,49,001a9d22-9383-48a1-9caa-b679fc7bf75d,200,,comune,4,comune:4,False,True,forma_societaria:as,767.2,167.6,False
www.france-services.gouv.fr,Lusignan,86,002278c7-337c-493f-87b8-e72ae0243725,200,,comune,2,comune:2,False,True,forma_societaria:as,214.8,75.9,False
hautecourtromaneche.grandbourg.fr,Hautecourt-Romanèche,01,00260669-16f9-42a2-836a-aad822c8e1c1,200,,scuola,2,scuola:2;comune:1,False,True,forma_societaria:eurl;forma_societaria:as,214.5,47.8,False
www.ville-montech.fr,Montech,82,003e31ef-2746-47e4-b7e9-758f21120d6a,200,,comune,2,comune:2;scuola:2;polizia:2,False,True,forma_societaria:ag,744.6,93.0,False
www.crij.org,Toulouse,31,0044c609-7d48-4c80-8466-9fc33b7edda0,200,,non_classificato,0,,False,True,forma_societaria:as,318.2,100.9,False
www.france-services.gouv.fr,Aix-d'Angillon,18,0046a0f6-4219-49a7-b30a-9d40e024339c,200,,comune,2,comune:2,False,True,forma_societaria:as,214.8,75.9,False
www.france-services.gouv.fr,Cazaubon,32,0047d400-cccd-4b1a-9c60-1cbe59c19c16,200,,comune,2,comune:2,False,True,forma_societaria:as,214.8,75.9,False
www.france-services.gouv.fr,Saint-Jean-Bonnefonds,42,0059cca2-60f3-46ea-914a-cb40d0ad1632,200,,comune,2,comune:2,False,True,forma_societaria:as,214.8,75.9,False
saint-saturnin72.fr,Saint-Saturnin,72,00712d09-f598-40f8-acda-e26555bf8b16,200,,comune,4,comune:4;sanita:2;polizia:1,False,True,forma_societaria:spa,207.6,82.5,False
www.france-services.gouv.fr,Concarneau,29,007cd405-26d7-4738-aa55-efe687ea8586,200,,comune,2,comune:2,False,True,forma_societaria:as,214.8,75.9,False
corcoue-sur-logne.fr,Corcoué-sur-Logne,44,008b5615-ce44-4ccc-8724-a135fc036906,200,,comune,4,comune:4;polizia:1,False,True,forma_societaria:spa,209.0,79.8,False
www.france-services.gouv.fr,Vigneulles-lès-Hattonchâtel,55,00990027-435a-47de-8cd5-8ff29f6dc07f,200,,comune,2,comune:2,False,True,forma_societaria:as,214.8,75.9,False
ville-beaurepaire.fr,Beaurepaire,38,009b60e7-f004-4e4b-a6bc-9dffe4a4dbbd,200,,comune,5,comune:5;polizia:2;provincia:1;regione:1,False,True,forma_societaria:as,1744.0,219.5,False
www.scorbe-clairvaux.fr,Scorbé-Clairvaux,86,00a90691-83c0-478a-b9aa-d07f4117b76a,200,,comune,3,comune:3;polizia:1,False,True,forma_societaria:sas,790.1,122.0,False
www.france-services.gouv.fr,Pleurtuit,35,00ac62f7-5c5d-415f-bb55-220c1c299e02,200,,comune,2,comune:2,False,True,forma_societaria:as,214.8,75.9,False
www.mltouraine.com,Tours,37,00d27ccf-45fe-4100-bfcf-890c44e216fb,200,,comune,1,comune:1,False,True,forma_societaria:as,236.8,88.1,False
certines.grandbourg.fr,Certines,01,00ed650a-5747-46e3-9e77-51e157449215,200,,comune,1,comune:1,False,True,forma_societaria:as,197.0,49.5,False
www.france-services.gouv.fr,Montsauche-les-Settons,58,00f0dff5-fecc-4311-b06a-0de06a46c0ec,200,,comune,2,comune:2,False,True,forma_societaria:as,214.8,75.9,False
www.france-services.gouv.fr,Brécey,50,010261a9-bc34-4f2d-8888-45b939791a95,200,,comune,2,comune:2,False,True,forma_societaria:as,214.8,75.9,False
missionslocales-bfc.fr,Beaune,21,01058c31-0b89-40d5-9632-986575c0bf6c,200,,regione,1,regione:1;polizia:1,False,True,forma_societaria:as,190.2,294.1,False
ville-de-chauray.fr,Chauray,79,0105ca41-ae42-41f0-99de-a42cc5beeb56,200,,comune,4,comune:4,False,True,forma_societaria:as,172.5,882.2,False
www.france-services.gouv.fr,Mulhouse,68,0106259f-9fad-4c63-879e-92b9d455b35d,200,,comune,2,comune:2,False,True,forma_societaria:as,214.8,75.9,False
www.adswf.fr,Wallis-et-Futuna,986,0116dc54-0b12-4504-ab5c-7d66c17e823e,200,,sanita,3,sanita:3;polizia:1,False,True,forma_societaria:sia,1194.2,46.9,False
www.saint-christophe-du-bois.fr,Saint-Christophe-du-Bois,49,01251261-f02b-412f-80be-98641a6d5692,200,,comune,3,comune:3;polizia:2,False,True,forma_societaria:sas,546.0,135.9,False
www.france-services.gouv.fr,Valensole,04,01275332-2ce9-4df3-9f27-5c55c965efe4,200,,comune,2,comune:2,False,True,forma_societaria:as,214.8,75.9,False
www.france-services.gouv.fr,Merlevenez,56,01285ee4-5f70-46cb-b7e6-b3cbfd350801,200,,comune,2,comune:2,False,True,forma_societaria:as,214.8,75.9,False
charentes.msa.fr,L'Ile d'Espagnac,16,01319ed7-147d-493c-a355-ce1124bb3595,200,,regione,1,regione:1,False,True,forma_societaria:as,539.9,296.9,False
www.france-services.gouv.fr,Anse-Bertrand,971,01371cad-9f88-43db-8e3e-11c8a23eec5c,200,,comune,2,comune:2,False,True,forma_societaria:as,214.8,75.9,False
www.france-services.gouv.fr,Pointe-à-Pitre,971,013aa054-0b2d-447a-a7a0-194f006a248a,200,,comune,2,comune:2,False,True,forma_societaria:as,214.8,75.9,False
lemerevillois.fr,Le Mérévillois,91,014bb39a-edf3-4629-aced-f17b77f9472f,503,,comune,2,comune:2;polizia:1,False,True,forma_societaria:sas,183.6,48.2,False
www.france-services.gouv.fr,Noisy-le-Grand,93,01531f98-9c4e-4135-997f-3c5182f52fc0,200,,comune,2,comune:2,False,True,forma_societaria:as,214.8,75.9,False
mlloiretouraine.org,Amboise,37,015fb895-ff4b-4a2b-ae69-eca956f0d8e4,200,,provincia,1,provincia:1;scuola:1,False,True,forma_societaria:as,235.6,256.3,False
www.jura.fr,Lons-le-Saunier,39,01612010-abd1-48ef-a0f1-d920061406ef,200,,provincia,3,provincia:3;comune:1;scuola:1;polizia:1,False,True,forma_societaria:lda,127.3,114.8,False
www.france-services.gouv.fr,Villiers-le-Bel,95,016329ec-673a-4eba-b982-a263788ce68e,200,,comune,2,comune:2,False,True,forma_societaria:as,214.8,75.9,False
www.wildersbach.fr,Wildersbach,67,016ed4e4-e0fe-40ef-ba11-732ad80a647a,200,,comune,4,comune:4,False,True,forma_societaria:as,140.3,138.9,False
www.france-services.gouv.fr,Prémery,58,017093aa-ea5a-4de7-aa46-e723fd6ce7f7,200,,comune,2,comune:2,False,True,forma_societaria:as,214.8,75.9,False
www.rochespremarieandille.fr,Roches-Prémarie-Andillé,86,0170d47a-e2a1-4847-80db-423cb7bb21fd,200,,comune,3,comune:3;polizia:1,False,True,forma_societaria:sas,594.9,136.3,False
www.france-services.gouv.fr,Bar-le-Duc,55,0174dccf-3c64-4307-a20e-169e23e7de08,200,,comune,2,comune:2,False,True,forma_societaria:as,214.8,75.9,False
www.ville-robert.fr,Le Robert,972,01932559-8255-4be7-8c40-5bbb60c9466f,200,,polizia,3,polizia:3;scuola:2;comune:1;vigili_fuoco:1,False,True,forma_societaria:as,1938.7,698.6,False
rocroi.fr,Rocroi,08,01b3e93c-6a88-4019-9e44-71f42b7d31ff,200,,comune,6,comune:6,False,True,forma_societaria:sia,149.8,181.0,False
www.france-services.gouv.fr,Paris,75,01b974e7-e03e-40c8-a53d-7f8b5755637b,200,,comune,2,comune:2,False,True,forma_societaria:as,214.8,75.9,False
www.france-services.gouv.fr,Lavoncourt,70,01bbf717-5842-4c2d-ae78-2e4851aa99dd,200,,comune,2,comune:2,False,True,forma_societaria:as,214.8,75.9,False
cdad-dordogne.fr,MAUZAC-ET-GRAND-CASTANG,24,01bf845b-a8f5-4588-a84c-47087a25dafc,200,,provincia,3,provincia:3;sanita:2;giustizia:2;comune:1,False,True,forma_societaria:ag,1047.9,73.4,False
fessenheim.fr,Fessenheim,68,01cf3283-380b-4dc7-87e1-ff714249449d,200,,comune,5,comune:5;scuola:2;regione:1;polizia:1,False,True,forma_societaria:spa;forma_societaria:as,165.0,211.3,False
www.france-services.gouv.fr,Saint-Denis,974,01f60676-c470-4fb3-a554-41601caf242b,200,,comune,2,comune:2,False,True,forma_societaria:as,214.8,75.9,False
www.france-services.gouv.fr,Bouillant,971,0206c371-b663-44eb-95c6-98c0c0c6299a,200,,comune,2,comune:2,False,True,forma_societaria:as,214.8,75.9,False
www.commune-cerise.fr,Cerisé,61,020d9d2c-5e69-45be-ac04-16f55f3c13a3,200,,comune,7,comune:7;polizia:1,False,True,forma_societaria:as,1392.1,56.1,False
www.stbrice87.fr,Saint-Brice-sur-Vienne,87,021be9df-dfde-4217-a808-283897a3a54b,200,,scuola,2,scuola:2;comune:1,False,True,forma_societaria:as,498.2,157.8,False
www.connerre.fr,Connerré,72,022207d3-aff5-4678-ab3a-dc57b18b7b09,200,,comune,7,comune:7;polizia:2,False,True,forma_societaria:as,656.5,81.2,False
www.ml-vitry-le-francois.fr,Vitry-le-François,51,02245452-444a-43e4-b1af-c44f446397f7,200,,polizia,1,polizia:1,False,True,forma_societaria:sarl,3468.8,139.4,False
www.france-services.gouv.fr,Troyes,10,02272bf5-f7aa-4f44-90c6-1fd5be8c7f93,200,,comune,2,comune:2,False,True,forma_societaria:as,214.8,75.9,False
www.france-services.gouv.fr,Paris,75,023961a5-bc7a-4bc7-ba1b-f59e02cfb895,200,,comune,2,comune:2,False,True,forma_societaria:as,214.8,75.9,False
www.france-services.gouv.fr,Rémilly,57,023c45c1-7460-441e-a673-1c538f14448d,200,,comune,2,comune:2,False,True,forma_societaria:as,214.8,75.9,False
www.france-services.gouv.fr,Cour-Cheverny,41,024d39b2-cc48-421b-8487-7e4ca010848d,200,,comune,2,comune:2,False,True,forma_societaria:as,214.8,75.9,False
www.france-services.gouv.fr,Penvénan,22,025d23ce-71dd-4c6f-b0d0-bdf7690807d5,200,,comune,2,comune:2,False,True,forma_societaria:as,214.8,75.9,False
www.saint-bonnet-les-oules.fr,Saint-Bonnet-les-Oules,42,025d9541-5634-43b0-972c-8d8944284658,200,,comune,1,comune:1;provincia:1;sanita:1,False,True,forma_societaria:kg,1849.0,52.2,False
www.gesvres53.fr,Gesvres,53,02615e43-40ae-4923-800e-5116fedeeabf,200,,comune,3,comune:3;polizia:1,False,True,forma_societaria:sas,568.7,114.6,False
www.france-services.gouv.fr,Autun,71,027e3f48-c09c-4004-a37a-2b880dd34325,200,,comune,2,comune:2,False,True,forma_societaria:as,214.8,75.9,False
www.france-services.gouv.fr,Floirac,33,027eae50-f304-4849-bacf-a61d502dcb0f,200,,comune,2,comune:2,False,True,forma_societaria:as,214.8,75.9,False
www.aingeray.mairie54.fr,Aingeray,54,02928a81-f202-4190-a03e-11f9450fb291,200,,comune,3,comune:3,False,True,forma_societaria:ag,843.1,32.2,False
www.crij.org,Plaisance-du-Touch,31,029d86c1-42d9-4e78-a3a9-567b13dbc498,200,,non_classificato,0,,False,True,forma_societaria:as,318.2,100.9,False
www.france-services.gouv.fr,Quarré-les-Tombes,89,02a1bd6f-e94f-4ef2-abc1-c02140c53f54,200,,comune,2,comune:2,False,True,forma_societaria:as,214.8,75.9,False
mlblois.com,Blois,41,02a78876-2c40-4749-ad4a-7ae0ceb24745,200,,comune,1,comune:1;polizia:1,False,True,forma_societaria:ab,1314.3,314.8,False
www.france-services.gouv.fr,Graçay,18,02acd1f4-f681-4e3b-8d6f-8524a9de4225,200,,comune,2,comune:2,False,True,forma_societaria:as,214.8,75.9,False
saint-hilaire-aude.fr,Saint-Hilaire,11,02af6d17-032a-48d5-b851-43ca89cc43ca,200,,comune,2,comune:2;ministero:2;provincia:1;regione:1;scuola:1;sanita:1;polizia:1,False,True,forma_societaria:ag,485.1,103.6,False
www.france-services.gouv.fr,Vivonne,86,02bd3f2e-cfb8-4ff7-869f-6e75579347df,200,,comune,2,comune:2,False,True,forma_societaria:as,214.8,75.9,False
www.logement-seniors.com,Plouzané,29,02bf2db0-7493-453c-8071-b315f9008722,200,,sanita,2,sanita:2;regione:1,False,True,forma_societaria:sarl,292.5,248.1,False
www.france-services.gouv.fr,Vermenton,89,02bfea74-3306-40ab-a354-3e5f62f78916,200,,comune,2,comune:2,False,True,forma_societaria:as,214.8,75.9,False
www.mairiechaulnes.fr,Chaulnes,80,02ccec14-2d46-4463-bdbd-5d1e0bb60ef1,200,,comune,3,comune:3;provincia:2;polizia:2;scuola:1,False,True,forma_societaria:as,1467.2,143.3,False
www.juzetdeluchon.com,Juzet-de-Luchon,31,02d38012-553a-4359-8c36-a5f5d542c4bc,200,,comune,4,comune:4,False,True,forma_societaria:sarl,130.5,29.5,False
www.france-services.gouv.fr,La Garde,83,02e4bcd3-4e41-4cf2-a877-477fb7b9145e,200,,comune,2,comune:2,False,True,forma_societaria:as,214.8,75.9,False
www.france-services.gouv.fr,Paris,75,02e5ec2e-61ba-4dc4-9444-88e71cba489e,200,,comune,2,comune:2,False,True,forma_societaria:as,214.8,75.9,False
www.france-services.gouv.fr,Ronchamp,70,02ebf5a1-a719-4d0a-acc2-971202c46055,200,,comune,2,comune:2,False,True,forma_societaria:as,214.8,75.9,False
www.france-services.gouv.fr,Combs-la-Ville,77,02f0a28a-8ed1-4dbd-a1d1-d4c06d1d8787,200,,comune,2,comune:2,False,True,forma_societaria:as,214.8,75.9,False
www.mairiedesamoens.fr,Samoëns,74,02f38f75-af30-4532-a575-13f705036558,200,,comune,5,comune:5;polizia:2,False,True,forma_societaria:as,2790.6,159.3,False
occitanie.dreets.gouv.fr,Toulouse,31,0321520a-b982-461c-9c04-dc1df363c212,200,,regione,1,regione:1;polizia:1;ministero:1,False,True,forma_societaria:sas,230.5,150.6,False
cdad-dordogne.fr,PÉRIGUEUX,24,03392bf3-6563-4f70-af80-c710f25b4dc6,200,,provincia,3,provincia:3;sanita:2;giustizia:2;comune:1,False,True,forma_societaria:ag,1047.9,73.4,False
www.sequedin.fr,Sequedin,59,033a5ecd-bc10-45a9-ba55-dd08be39d91e,200,,comune,7,comune:7;polizia:1,False,True,forma_societaria:as,2357.4,226.4,False
www.france-services.gouv.fr,La Gacilly,56,03677533-07e1-4f3d-8e56-0ab2af414d75,200,,comune,2,comune:2,False,True,forma_societaria:as,214.8,75.9,False
www.france-services.gouv.fr,Montrevault-sur-Evre,49,03762909-be5e-4342-bc7e-39fa5930155f,200,,comune,2,comune:2,False,True,forma_societaria:as,214.8,75.9,False
www.pfastatt.fr,Pfastatt,68,03782cce-7092-41c2-bb3b-d345818c3883,200,,comune,4,comune:4;sanita:3;polizia:2,False,True,forma_societaria:spa;forma_societaria:as,813.7,38.1,False
www.wentzwiller.fr,Wentzwiller,68,0392a4ef-3221-4ca5-bd33-84ef571637b5,200,,polizia,2,polizia:2;comune:1,False,True,forma_societaria:sas,796.5,151.9,False
www.courlaoux.fr,Courlaoux,39,039ba430-79b0-4922-b00b-25f13ed8fbf7,200,,comune,4,comune:4;regione:1;polizia:1,False,True,forma_societaria:sas,898.7,152.2,False
www.france-services.gouv.fr,Thiron-Gardais,28,03b5efa6-9843-4dcb-a126-4c8db59efcdd,200,,comune,2,comune:2,False,True,forma_societaria:as,214.8,75.9,False
www.patay.fr,Patay,45,03c12780-e1b4-4a02-9c76-d6c99c6eb7c6,200,,comune,4,comune:4;polizia:1,False,True,forma_societaria:as,1027.5,93.6,False
www.france-services.gouv.fr,Juillan,65,03cd9e27-f77c-4510-ac55-2b7a009c229b,200,,comune,2,comune:2,False,True,forma_societaria:as,214.8,75.9,False
www.france-services.gouv.fr,Agde,34,03d205ef-f9a2-4285-ac6b-db4b9b5b01a5,200,,comune,2,comune:2,False,True,forma_societaria:as,214.8,75.9,False
www.france-services.gouv.fr,Reuilly,36,03d23554-c5f1-4f1c-9d75-633647e07bfb,200,,comune,2,comune:2,False,True,forma_societaria:as,214.8,75.9,False
www.france-services.gouv.fr,Melisey,70,03d9be05-2cc5-4d73-8428-c7b0df197973,200,,comune,2,comune:2,False,True,forma_societaria:as,214.8,75.9,False
www.france-services.gouv.fr,Le Montet,03,03da85d8-0cfd-4045-a797-9deb16f1409b,200,,comune,2,comune:2,False,True,forma_societaria:as,214.8,75.9,False
esquerdes.fr,Esquerdes,62,03e0b5c4-ab01-4022-8241-f3f7a0e295a8,200,,scuola,1,scuola:1;polizia:1,False,True,forma_societaria:as,1719.2,213.9,False
www.duerne.fr,Duerne,69,03f1050d-1fb6-40b0-b367-410788bcad9a,200,,comune,4,comune:4;regione:1;polizia:1,False,True,forma_societaria:a.s.,1691.8,226.2,False
www.coeurhautelande.fr,Sabres,40,03f19b56-01e1-4d56-9fd1-4e76039783b1,200,,provincia,1,provincia:1,False,True,forma_societaria:sas,1111.4,116.8,False
www.france-services.gouv.fr,Viverols,63,03f51484-119b-48ab-802a-a9bebd65d847,200,,comune,2,comune:2,False,True,forma_societaria:as,214.8,75.9,False
ville-sgla.fr,Saint-Germain-lès-Arpajon,91,03feb7c1-0466-4f72-9ae1-2e4c14de2c9b,200,,comune,5,comune:5;provincia:1;polizia:1,False,True,forma_societaria:spa,3452.6,729.2,False
www.fedechasseurslandes.com,Pontonx-sur-l'Adour,40,0400f350-562d-4134-a2e2-07c24bf22ee8,200,,provincia,1,provincia:1;scuola:1;polizia:1,False,True,forma_societaria:ag,956.3,369.0,False
www.ville-riom-es-montagnes.fr,Riom-ès-Montagnes,15,043b68a6-8f6a-42fc-910d-d574d4d61f68,200,,comune,2,comune:2;provincia:1;regione:1;scuola:1;polizia:1,False,True,forma_societaria:kg,549.9,265.6,False
www.france-services.gouv.fr,Henrichemont,18,0440552f-d22e-45a2-8ca9-469b7d48a23b,200,,comune,2,comune:2,False,True,forma_societaria:as,214.8,75.9,False
www.france-services.gouv.fr,Phalsbourg,57,0443377b-9fd9-44e3-beba-1042e17c6ed4,200,,comune,2,comune:2,False,True,forma_societaria:as,214.8,75.9,False
www.arc-sud-bretagne.fr,Muzillac,56,0464fb2d-960f-421f-8e61-6344a42868c8,200,,polizia,1,polizia:1,False,True,forma_societaria:as,232.5,298.4,False
www.maurrin.fr,Maurrin,40,046997d0-620b-4f10-8816-50603f09c077,200,,comune,4,comune:4;provincia:1;scuola:1;vigili_fuoco:1,False,True,forma_societaria:as,315.7,75.2,False
www.france-services.gouv.fr,Bandraboua,976,04864071-5d70-4667-acf1-b748355031ae,200,,comune,2,comune:2,False,True,forma_societaria:as,214.8,75.9,False
www.france-services.gouv.fr,Saint-Mihiel,55,04a36604-1f6a-4736-83ad-a0e85ba46a82,200,,comune,2,comune:2,False,True,forma_societaria:as,214.8,75.9,False
www.france-services.gouv.fr,Pertuis,84,04a4ed75-a935-4721-88e6-f3a27a61016c,200,,comune,2,comune:2,False,True,forma_societaria:as,214.8,75.9,False
www.france-services.gouv.fr,Saugues,43,04a6b3f0-7344-42f8-be68-d394730bb4c0,200,,comune,2,comune:2,False,True,forma_societaria:as,214.8,75.9,False
www.coteformations.fr,Clermont-Ferrand,63,04b2a8d3-844d-4421-a4f2-be88bd9a4d74,200,,scuola,2,scuola:2;ministero:2;regione:1;polizia:1,False,True,forma_societaria:as,377.8,111.7,False
www.france-services.gouv.fr,Saint-Ouen-l'Aumône,95,04b3d7c4-a449-429d-9e14-74e65d74cc5b,200,,comune,2,comune:2,False,True,forma_societaria:as,214.8,75.9,False
www.france-services.gouv.fr,Giat,63,04cc81fa-3146-4b5b-af3e-a8ad8c011393,200,,comune,2,comune:2,False,True,forma_societaria:as,214.8,75.9,False
www.monfort.fr,Monfort,32,04e022c6-cce2-4057-861a-179ed143cf5b,200,,comune,4,comune:4,False,True,forma_societaria:spa,452.6,78.4,False
www.france-services.gouv.fr,Alleins,13,04f9f846-049f-4c9c-8bfe-124f4132485a,200,,comune,2,comune:2,False,True,forma_societaria:as,214.8,75.9,False
www.sainte-ruffine.fr,Sainte-Ruffine,57,0503ede5-c989-448c-bbd6-eee6d57617bb,200,,comune,2,comune:2;regione:1,False,True,forma_societaria:sarl,155.0,588.3,False
www.dampierre-jura.fr,Dampierre,39,05053d12-ed46-45fb-9976-e5b7fad19c46,200,,comune,3,comune:3;polizia:2,False,True,forma_societaria:sas,388.5,135.0,False
www.chamberet.net,Chamberet,19,0516b096-dddd-46e7-8532-0a29353b1ff9,200,,comune,3,comune:3;polizia:1,False,True,forma_societaria:sas,138.5,160.3,False
www.france-services.gouv.fr,Le Pont-de-Claix,38,051be69a-cbbd-4604-9b12-8ebfeb930741,200,,comune,2,comune:2,False,True,forma_societaria:as,214.8,75.9,False
www.france-services.gouv.fr,Lantriac,43,051e1d4e-8c3c-4fd5-a645-13aa52135486,200,,comune,2,comune:2,False,True,forma_societaria:as,214.8,75.9,False
www.france-services.gouv.fr,Marseille,13,052c8d9a-df90-4ec3-9c73-8f30288e9fa4,200,,comune,2,comune:2,False,True,forma_societaria:as,214.8,75.9,False
www.france-services.gouv.fr,Saint-Genix-les-Villages,73,052cefca-01e1-4f54-8955-f4962ba6732a,200,,comune,2,comune:2,False,True,forma_societaria:as,214.8,75.9,False
www.ville-bassens.fr,Bassens,33,05550d5e-fd6d-41aa-8115-9f76e05f0aac,200,,comune,5,comune:5;polizia:2,False,True,forma_societaria:ab,244.4,170.0,False
www.boncourt.fr,Boncourt,02,05646bfc-9d47-4f6f-84e2-043e2e114f3d,200,,comune,2,comune:2,False,True,forma_societaria:ab,851.2,76.5,False
www.france-services.gouv.fr,Vorey,43,05679631-b460-4985-84c3-046e7a7878e7,200,,comune,2,comune:2,False,True,forma_societaria:as,214.8,75.9,False
mairie-bengy.fr,Bengy-sur-Craon,18,056ad783-875e-4bd3-80e9-3b22a842c2b4,200,,comune,4,comune:4;scuola:1;polizia:1,False,True,forma_societaria:s.n.c.,371.7,144.9,False
www.caylus.com,Caylus,82,0574da66-3564-4806-98ef-7166b1c4c754,200,,comune,3,comune:3;polizia:1,False,True,forma_societaria:sas,188.4,163.4,False
www.france-services.gouv.fr,Luxeuil-les-Bains,70,05832ee7-9c5c-4d1d-915a-8ee3d26215ec,200,,comune,2,comune:2,False,True,forma_societaria:as,214.8,75.9,False
www.france-services.gouv.fr,Marange-Silvance,57,0587bd60-d6dc-4c06-956d-c354c26fda37,200,,comune,2,comune:2,False,True,forma_societaria:as,214.8,75.9,False
www.france-services.gouv.fr,Isigny-sur-Mer,14,05896ef8-0e0a-4cb9-945a-17aa55be2ea0,200,,comune,2,comune:2,False,True,forma_societaria:as,214.8,75.9,False
www.france-services.gouv.fr,Charny-Orée-de-Puisaye,89,05a5d3a8-65ca-43ba-a87e-5a5bcf56dfb7,200,,comune,2,comune:2,False,True,forma_societaria:as,214.8,75.9,False
www.france-services.gouv.fr,Pontivy,56,05ad7768-a661-42ec-9f4f-0da0307940e3,200,,comune,2,comune:2,False,True,forma_societaria:as,214.8,75.9,False
www.france-services.gouv.fr,Wervicq-Sud,59,05b330f7-9bd5-4d0e-948e-cee8a36f5004,200,,comune,2,comune:2,False,True,forma_societaria:as,214.8,75.9,False
www.hauts-de-france.ars.sante.fr,Euralille,59,05b8e7a2-1424-4ee6-b9f6-ce04ee505bd2,200,,sanita,6,sanita:6;regione:1;scuola:1;polizia:1,False,True,forma_societaria:sas,94.3,131.9,False
www.france-services.gouv.fr,Longueville,77,05bcf564-6be9-449c-8077-f20bb35d8cd4,200,,comune,2,comune:2,False,True,forma_societaria:as,214.8,75.9,False
www.bagnac.fr,Bagnac-sur-Célé,46,05cdb3c6-ddae-448c-b526-bc805e3ef27a,200,,regione,1,regione:1,False,True,forma_societaria:spa,369.5,51.3,False
www.france-services.gouv.fr,Sahune,26,05e240d5-d8f0-4e81-86ae-f655d6cffcea,200,,comune,2,comune:2,False,True,forma_societaria:as,214.8,75.9,False
www.sillingy.fr,Sillingy,74,05e515bb-4e2f-4aab-b6d5-eb4f00df29ce,200,,comune,7,comune:7;scuola:1;polizia:1,False,True,forma_societaria:as,367.5,48.1,False
www.france-services.gouv.fr,Montluçon,03,05ebb5fd-9ee8-4426-b4aa-887827b35781,200,,comune,2,comune:2,False,True,forma_societaria:as,214.8,75.9,False
www.france-services.gouv.fr,Saint-Georges-sur-Loire,49,061114c0-cdd1-4140-8124-6ee85082a661,200,,comune,2,comune:2,False,True,forma_societaria:as,214.8,75.9,False
www.france-services.gouv.fr,Bologne,52,062f7ee6-490b-422b-95ea-a5958bc0219a,200,,comune,2,comune:2,False,True,forma_societaria:as,214.8,75.9,False
www.ville-poulainville.fr,Poulainville,80,0656515e-663a-43c9-9f8d-da30b8fa46e1,200,,comune,4,comune:4;provincia:2;polizia:1,False,True,forma_societaria:spa;forma_societaria:as,425.9,145.8,False
www.france-services.gouv.fr,Solesmes,59,06596570-c892-44ce-89ec-0c6db896d5e6,200,,comune,2,comune:2,False,True,forma_societaria:as,214.8,75.9,False
www.france-services.gouv.fr,Nevers,58,065bec88-9f43-4177-8b2e-363edc8ef0d9,200,,comune,2,comune:2,False,True,forma_societaria:as,214.8,75.9,False
www.france-services.gouv.fr,Anse,69,0663cbb9-42de-4c8d-9e68-5c75cc783102,200,,comune,2,comune:2,False,True,forma_societaria:as,214.8,75.9,False
www.france-services.gouv.fr,Buzançais,36,06719c1d-c402-4c73-8a99-1c16cb8c2146,200,,comune,2,comune:2,False,True,forma_societaria:as,214.8,75.9,False
chatelaudren-plouagat.fr,Châtelaudren-Plouagat,22,0691f6f0-c4e0-4f5d-9757-2b5cd71ec4e2,200,,comune,3,comune:3;polizia:1,False,True,forma_societaria:sas,243.7,183.9,False
www.crous-corse.fr,Corte,2B,06a106e0-27db-4323-9b4e-335514e8c8c5,200,,scuola,2,scuola:2,False,True,forma_societaria:as,228.1,296.5,False
www.france-services.gouv.fr,Saint-Rambert-en-Bugey,01,06a515d3-0581-46a5-b107-1a772049c37d,200,,comune,2,comune:2,False,True,forma_societaria:as,214.8,75.9,False
www.france-services.gouv.fr,Étretat,76,06ae7d5a-8896-4833-bf84-d39484d4b1df,200,,comune,2,comune:2,False,True,forma_societaria:as,214.8,75.9,False
www.lamayenne.fr,Laval,53,06b2a6d0-54c0-4404-87b2-28de47866c15,200,,provincia,2,provincia:2,False,True,forma_societaria:lda,695.7,84.8,False
www.france-services.gouv.fr,Saint-Pierre-sur-Dives,14,06c6ae95-1965-4988-be87-6a7861ee38ca,200,,comune,2,comune:2,False,True,forma_societaria:as,214.8,75.9,False
luynes.fr,Luynes,37,06cdfe72-e2a8-42d8-b92e-124d899979aa,200,,comune,5,comune:5;scuola:1;polizia:1,False,True,forma_societaria:as,494.8,200.6,False
www.france-services.gouv.fr,Alfortville,94,06d2b7aa-a2d7-495a-8930-e28a3cc2fd00,200,,comune,2,comune:2,False,True,forma_societaria:as,214.8,75.9,False
www.lacailleresainthilaire.fr,La Caillère-Saint-Hilaire,85,06d6d331-aa63-463f-885e-976e55d00850,200,,comune,3,comune:3;polizia:1,False,True,forma_societaria:sas,131.3,130.3,False
www.gamarde-les-bains.com,Gamarde-les-Bains,40,06dbd2c1-7ef2-4069-92f1-1d0dc115ecd3,200,,comune,6,comune:6;provincia:1;scuola:1,False,True,forma_societaria:sas,1228.3,109.8,False
www.france-services.gouv.fr,Muntzenheim,68,06e1dbf7-f7b0-42e3-9bf5-2433ccbe6897,200,,comune,2,comune:2,False,True,forma_societaria:as,214.8,75.9,False
www.cc-valdamboise.fr,Nazelles-Négron,37,06eced13-422f-4cd5-b815-3565870eefec,200,,scuola,1,scuola:1;universita:1,False,True,forma_societaria:kg,1341.5,249.8,False
fampoux.fr,Fampoux,62,06eef9fa-c9e4-4ceb-8e8d-41a4f7608d56,200,,comune,2,comune:2;regione:1;polizia:1,False,True,forma_societaria:sia,185.0,227.7,False
www.france-services.gouv.fr,Luzech,46,06f00d20-c63b-4c86-905b-68558b1fdc16,200,,comune,2,comune:2,False,True,forma_societaria:as,214.8,75.9,False
www.centre-valdeloire.fr,Orléans,45,06f60a19-6f65-41ea-b3c8-21c1431465da,200,,regione,5,regione:5;sanita:3;scuola:1;polizia:1,False,True,forma_societaria:as,619.8,164.2,False
www.noyellessousbellonne.fr,Noyelles-sous-Bellonne,62,071e0b18-b39b-4a32-b4b0-ad7805c32735,200,,comune,3,comune:3;polizia:1,False,True,forma_societaria:sas,454.7,146.8,False
www.cassuejouls.fr,Cassuéjouls,12,0720b6ea-5ac8-4aa5-81c5-2dd7e6ac15d7,200,,comune,1,comune:1;polizia:1,False,True,forma_societaria:sas,759.9,108.2,False
www.escalquens.fr,Escalquens,31,072a1f1b-28a5-4655-8203-899d41b4844c,200,,comune,3,comune:3;polizia:1,False,True,forma_societaria:as,3694.4,130.8,False
www.bouin.fr,Bouin,85,072bd73b-f72b-4fdd-8dc9-c9a956fbc43f,200,,comune,4,comune:4;scuola:1;polizia:1,False,True,forma_societaria:ag,206.0,245.2,False
www.nizas32.fr,Nizas,32,0738c9d5-e326-4916-919e-3e5a87be1e14,200,,comune,3,comune:3;polizia:1,False,True,forma_societaria:sas,830.5,119.7,False
www.france-services.gouv.fr,Saint-Lyphard,44,07397edd-047d-4a46-ad31-5520e492995e,200,,comune,2,comune:2,False,True,forma_societaria:as,214.8,75.9,False
www.mio.re,Le Port,974,073980c6-75be-484d-9b96-0bfe5d738e2d,200,,polizia,1,polizia:1,False,True,forma_societaria:as,1097.4,1012.5,False
www.ville-saint-maurice.fr,Saint-Maurice,94,073db95a-8b03-450a-b1d7-5ef55a824000,200,,comune,5,comune:5;polizia:3;scuola:2,False,True,forma_societaria:s.a.;forma_societaria:as,501.4,182.3,False
www.france-services.gouv.fr,Froncles,52,075538aa-3131-4e83-a3e5-e8a1d1c583c4,200,,comune,2,comune:2,False,True,forma_societaria:as,214.8,75.9,False
www.cambes33.fr,Cambes,33,0755b8e7-f63b-40f1-b700-ebd8d7f22eb9,200,,comune,6,comune:6;polizia:1,False,True,forma_societaria:sas,618.4,133.8,False
www.logonna-daoulas.bzh,Logonna-Daoulas,29,07688559-03c5-49f1-bf54-2d7fd37cb9c4,200,,comune,4,comune:4;polizia:1,False,True,forma_societaria:sas,283.6,142.1,False
finistere.cidff.info,Brest,29,076a433a-f1e2-4926-ba57-9d1bd1ed637a,200,,comune,2,comune:2,False,True,forma_societaria:ag,1506.8,99.6,False
www.thumeries.fr,Thumeries,59,076ccee1-e8ba-4da4-b685-ae3a60f7a23d,200,,comune,7,comune:7;polizia:2;scuola:1,False,True,forma_societaria:sarl,193.8,184.1,False
www.france-services.gouv.fr,Vauciennes,51,078375cd-1e48-4f62-88fb-33bfded96f2f,200,,comune,2,comune:2,False,True,forma_societaria:as,214.8,75.9,False
www.france-services.gouv.fr,Clermont-Ferrand,63,07854056-9613-4f33-8657-e3d64d7bf891,200,,comune,2,comune:2,False,True,forma_societaria:as,214.8,75.9,False
www.montdemarsan.fr,Mont-de-Marsan,40,078fb66e-9c4d-4ecf-9e12-6442f1c05388,200,,polizia,2,polizia:2;comune:1,False,True,forma_societaria:ag,303.1,396.2,False
www.france-services.gouv.fr,Gex,01,079385d2-640a-47a1-af3a-9229abf28391,200,,comune,2,comune:2,False,True,forma_societaria:as,214.8,75.9,False
www.france-services.gouv.fr,Lorquin,57,07aac31a-9c8a-499e-8184-166a862d09a0,200,,comune,2,comune:2,False,True,forma_societaria:as,214.8,75.9,False
www.mairie-villeroy.fr,Villeroy,89,07ade234-f14b-4579-817f-d3ced2a7db7f,200,,comune,6,comune:6;scuola:1,False,True,forma_societaria:as,198.8,35.7,False
www.mairiethaon14.fr,Thaon,14,07b73e61-6afa-46c5-ab7a-a4cd320bddb7,200,,comune,4,comune:4,False,True,forma_societaria:kg,3104.2,306.5,False
www.herbignac.com,Herbignac,44,07ba321b-89be-496d-a168-fb27216a978e,200,,comune,1,comune:1,False,True,forma_societaria:aps,546.7,112.5,False
www.france-services.gouv.fr,Clermont-Ferrand,63,07bca9c7-1675-43f4-8c8d-2d2a3b32f3b8,200,,comune,2,comune:2,False,True,forma_societaria:as,214.8,75.9,False
www.missions-locales.org,Vaulx-en-Velin,69,07bce0a7-242b-44bb-892e-7b231b7fa481,200,,regione,1,regione:1;scuola:1;polizia:1,False,True,forma_societaria:as,185.3,180.3,False
www.saintmacoux.fr,Val-de-Comporté,86,07c24ad9-f03c-44f0-971a-8274ee27fb38,200,,comune,4,comune:4;provincia:1;scuola:1;polizia:1,False,True,forma_societaria:as;forma_societaria:ag,220.2,173.1,False
www.france-services.gouv.fr,Herbault,41,07c316d5-45ea-4c75-861c-8965814abeeb,200,,comune,2,comune:2,False,True,forma_societaria:as,214.8,75.9,False
www.france-services.gouv.fr,Mtsamboro,976,07d9428e-55e9-4abd-b865-8a6a59b075d0,200,,comune,2,comune:2,False,True,forma_societaria:as,214.8,75.9,False
www.la-marne.fr,La Marne,44,080588cb-6434-4a2f-b8e3-f2bc6dd3c9a1,200,,comune,4,comune:4;polizia:1,False,True,forma_societaria:sas,399.6,153.1,False
www.ville-bouilladisse.com,La Bouilladisse,13,082756fd-9ad3-4c9d-9158-7116e5a34675,200,,sanita,4,sanita:4;comune:2;polizia:1,False,True,forma_societaria:as,1186.6,48.3,False
www.france-services.gouv.fr,Romainville,93,082a1e35-9d99-4281-b106-144dfe475b3f,200,,comune,2,comune:2,False,True,forma_societaria:as,214.8,75.9,False
